Modified:,2025,
Old Page,New Page,Type
about/01_Introduction.html,about/Introduction.html,Hard
about/02_Event-series.html,about/Event-series.html,Hard
about/04_Overview.html,about/Overview.html,Hard
about/05_Tags.html,about/Tags.html,Hard
about/09_Want-to-help.html,about/Want-to-help.html,Hard
about/08_Status.html,about/Status.html,Hard
about/09_Search-instructions.html,about/Search-instructions.html,Hard
about/10_Acknowledgements.html,about/Credits.html,Hard
about/11_Contact.html,about/Contact.html,Hard
about/12_License.html,about/License.html,Hard
about/15_Version-list.html,about/Version-list.html,Hard
tags/not-made-of-that.html,tags/non-identification.html,Hard
tags/ajahn-koon.html,tags/ajahn-koon-na-pho.html,Hard
teachers/ajahn-koon.html,teachers/ajahn-koon-na-pho.html,Hard