Modified:,2025,,
Venue,Location,Address,Website link
Abhayagiri Buddhist Monastery,"Redwood Valley, California","16201 Tomki Road, Redwood Valley, CA 95470",https://www.abhayagiri.org
Angela Center,"Santa Rosa, California","535 Angela Dr, Santa Rosa, CA 95403",https://angelacenter.com/acn
Spirit Rock Meditation Center,"Woodacre, California","5000 Sir Francis Drake Blvd., PO Box 169, Woodacre, CA 94973",https://www.spiritrock.org
Padmasambhava Peace Institute,"Cazadero, California","23125 Fort Ross Rd. Cazadero, CA 95421",https://padmapeace.org/
Victoria Insight Meditation Center,"Victoria, Australia",,https://victoriaims.org/
Buddhadasa Indapanno Archives,"Bangkok, Thailand",,
Sudhana Center,"Ukiah, California","225 S Hope St, Ukiah, CA 95482",https://www.drbu.edu/about/sudhana-center
"Portola Valley, California",,,
Madison Insight,Wisconsin,,https://madisonmeditation.org/
Ajatananda Ashram,"Rishikesh, India",,https://ajatananda.org/
Wat Pah Nanachat,"Bung Wai, Thailand","Bung Wai, Warin Chamrap District, Ubon Ratchathani 34310, Thailand",https://www.watpahnanachat.org/
None,,,